{"cameraMode":{"drawMode":0,"name":"Shaded","section":"Shading Mode"},"sceneLighting":false,"audioPlay":false,"sceneViewState":{"showFog":true,"showMaterialUpdate":false,"showSkybox":false,"showFlares":true,"showImageEffects":true,"showParticleSystems":true},"in2DMode":false,"pivot":{"x":55.21733856201172,"y":4.111510276794434,"z":50.46119689941406},"rotation":{"x":-0.2859962284564972,"y":0.3803650140762329,"z":-0.12495266646146774,"w":-0.870600700378418},"size":163.31166076660157,"orthographic":true}