{"cameraMode":{"drawMode":0,"name":"Shaded","section":"Shading Mode"},"sceneLighting":false,"audioPlay":false,"sceneViewState":{"showFog":true,"showMaterialUpdate":false,"showSkybox":false,"showFlares":true,"showImageEffects":true,"showParticleSystems":true},"in2DMode":false,"pivot":{"x":-4.96455192565918,"y":4.311511039733887,"z":-40.0099983215332},"rotation":{"x":-0.06514819711446762,"y":0.6211140155792236,"z":-0.05191415920853615,"w":-0.779313325881958},"size":23.33452606201172,"orthographic":true}